Eye length ratio,Eye distance ratio,Nose ratio,Lip size ratio,Lip length ratio,Eye-brow length ratio,Aggressive ratio,Gender
0.19330713710291383,0.24536711252432303,0.1660082668499721,4.474275910905935,0.4361737683401592,0.4267253292112548,0.9445179202545555,m
0.21140724059922966,0.23914583354273972,0.14722651585811855,3.3920567304274307,0.4690561341429794,0.3980768275896297,0.9548697930110615,m
0.22431963545467956,0.23037643347677805,0.15506789072607088,3.8870807702930295,0.4562994969458015,0.4149639695875122,0.9601877938579118,m
0.1833161897071608,0.261985777879414,0.16285681887718986,3.382284668854915,0.3988781460579056,0.422003613789427,0.9259228421881786,m
0.2086629636370855,0.28160152425451274,0.13539545110559834,3.287606010645908,0.4129101806881903,0.3743730910801755,0.981762685675051,m
0.23348008024796058,0.26245374972939733,0.1359867593499904,3.3043986298752674,0.48563493652849943,0.36755128211356386,0.9720685318963463,m
0.23400130308046294,0.2708625513323153,0.1344803649488848,3.7620099099094633,0.39755745540173576,0.36992182409207214,0.925943370830875,m
0.18211336895223734,0.30460982986290547,0.13803255902293637,3.1396550932878666,0.38083825611695593,0.3579606586243976,0.9035732507708426,m
0.2390094045580967,0.24590559342393767,0.14783563655815674,3.498117946335595,0.4836824763058109,0.3507032940489952,0.9621291661449499,m
0.24160093761545443,0.25081569316062974,0.16310380377960396,4.235137695339194,0.5172854490661594,0.37536226335458794,0.9337710559612012,m
0.24143928447526652,0.25141816753579893,0.16022945384573767,4.639975367432608,0.4845809096394064,0.3511146774282322,0.9491084170775382,m
0.17683917132863317,0.30756915947870533,0.17241892347968588,4.8612288076405115,0.4331439879439061,0.3757430193212956,0.9367182106292136,m
0.23685168643148316,0.23179075027907511,0.13149032012735276,6.94087955622585,0.4385173647634465,0.36929798594874863,0.9680759992745684,m
0.2482125129689522,0.20177606046712018,0.15785338928046774,2.5819681409544306,0.5292622082569076,0.3346379840359319,0.8924150549439394,m
0.22718962040794002,0.2233097601726911,0.15158325746629214,3.639051229901352,0.4499050302999259,0.3768789688919905,0.9840094141137251,m
0.2057347866205535,0.25482501385122386,0.1514207916171502,3.873171809872836,0.4429068447385522,0.36174918358271535,1.0012450748355395,m
0.24551697099567052,0.27114098060374264,0.12127243575880982,10.42825713517774,0.4368407157458293,0.3365399309503237,0.905932582934668,m
0.2262687751945442,0.24569965974113261,0.13936917021487424,2.8606673011822696,0.491058431118104,0.32425684015148615,0.8884171491168574,m
0.2243964988151688,0.2682369356174013,0.12988048032978547,4.972351841300769,0.44096111240756647,0.3529624712524121,0.8914472322358881,m
0.19044648171037645,0.3298889975012044,0.11739792257061855,4.347034528121439,0.40073676421682697,0.359320083242023,0.8603380423770507,m
0.22368695386281906,0.26526849947009096,0.13360600773716824,4.557558661956056,0.4779931915002303,0.37326956464864425,0.9241162342768091,m
0.23346917375882267,0.2537676420886875,0.1548350595193754,3.3848648825026486,0.5421259013319417,0.38768144686335826,0.9745298403326075,m
0.2243230183499349,0.2590981584274286,0.1413937660005148,3.181483956481721,0.43684865755790636,0.3945139040418928,0.9304349130397461,m
0.17375509042403497,0.2923063064954718,0.14249078805279766,3.4813018958391813,0.43539561132384746,0.37188156959126056,0.9145716650702717,m
0.24600712245595863,0.2452793444988536,0.14081685762776222,3.2488602927614214,0.4582747583963469,0.3653990471167221,0.923100603377421,m
0.23641933414070684,0.260603088449478,0.1562045180397724,3.050233320339739,0.5121027062205774,0.34086417322511176,0.9224997810700857,m
0.21966158483565934,0.2844794926906517,0.13431587131260067,2.6082810809273878,0.42823188387589844,0.3711553102028034,0.9747068971412743,m
0.17333603766500108,0.3010761744988688,0.14810612644668558,2.3794491094952104,0.42855428562004066,0.39180278457933143,0.9899826297388349,m
0.21986651096541932,0.2778740887599913,0.15394541591477945,3.4052157362572815,0.5093396754441926,0.40263923482703623,0.9975902289065642,m
0.2630489048892463,0.24011441717219292,0.1820538403963237,2.5239573704509324,0.5357587352675183,0.4067817568235316,0.9068190058953421,m
0.22839944274436302,0.27597523631187343,0.15587777259039273,3.2651897153399694,0.4691294211523569,0.4249421996095143,0.9705120984905372,m
0.19703978937579839,0.30530161774624465,0.15527614111811824,3.12343592092099,0.47074855341921956,0.4305400203759018,0.9981859278073666,m
0.1993015047487047,0.2780181552092977,0.14784011106221853,3.2018571735229067,0.4086955788164631,0.3591485885361788,0.9554873078760482,m
0.2285504042159917,0.25979728750617687,0.1498657286871564,3.0003713475205585,0.5453999408008843,0.3626191225126519,0.9534407697122428,m
0.23264171948908452,0.2526531032321972,0.14789575977022673,3.870734174754409,0.4587229927902775,0.4040958825542207,0.9260782367941333,m
0.18414420477055485,0.29446534695794446,0.16101781596369852,2.579673869835622,0.40680438984226913,0.35978351900822253,0.9839321094608122,m
0.22817467910563158,0.22860731455463354,0.16476958426435648,3.8319494504655625,0.4559869676155068,0.3773426114028894,1.070128033838615,m
0.24280393271495893,0.20836846613188956,0.19532510557830562,3.126564685241064,0.5307577906666745,0.36056657844904655,1.0573127453621307,m
0.22259348547706104,0.21926714894562593,0.15170503337628027,3.6593679203786627,0.4392043375547021,0.3622898260286432,0.9975242985557482,m
0.199194279018161,0.24895505738418852,0.19513114551735028,3.0251689273397795,0.4430239240883601,0.3871331135466071,1.0830719663711574,m
0.19487406538601978,0.2665387343126292,0.142760797734852,4.107610997937403,0.46208608750193836,0.33437705137743806,0.9537076799503625,m
0.2300025528530167,0.2437844881928162,0.152983272664492,2.5169839092084656,0.5109129976173905,0.3426426035287655,0.869652238935772,m
0.21806763998131143,0.27297642392483623,0.1553417054040257,2.7828136368053262,0.4506543579661638,0.3819746104267135,0.982322010041096,m
0.195812095731125,0.28499076198617446,0.14639434057072298,3.073075120148041,0.4430722107873554,0.38129479839675773,0.9552762378573929,m
0.21271121499617537,0.26064795110385636,0.1255895394845597,3.2354129982838113,0.4274681073791516,0.34256362865288253,0.989371855100766,m
0.20809228280113262,0.26648158668864347,0.14684737939922096,2.481500778248677,0.5366270529175826,0.321349324842615,0.9334319431629513,m
0.23042270228979028,0.2657792437484047,0.15033884618032742,2.983499816210893,0.44891813876380077,0.3723684467443684,1.0326620299348657,m
0.21918871611206836,0.27305417320184655,0.13783391811380363,2.4032146532670584,0.4013266781740544,0.3663063920766925,0.9732337841837209,m
0.21711312887534745,0.25636695828701567,0.1674807069833678,3.964100601081189,0.4112216963719459,0.38512200259003765,0.9637643281777888,m
0.22437684709487052,0.26328382324012567,0.17079861082196537,2.930670195534052,0.5183517229453755,0.3451553681827724,0.9157649393038761,m
0.2560525713406962,0.24952755154337902,0.1658384601424168,2.9417323035714547,0.40668879980390177,0.4129288258080922,0.9529287972665494,m
0.21800299711786206,0.2534802124855892,0.16246532251121593,3.141987924696164,0.4024547312020466,0.38265837863938057,0.9227470614077753,m
0.22587712146841887,0.29068317183778575,0.13306161082851103,3.069316366610689,0.4593568202293425,0.37168738486294983,0.9530803501807218,m
0.21722818516639145,0.2773337221726226,0.14866725808726985,2.194621620572915,0.5721558205889548,0.3733100541244681,0.9252615848754583,m
0.2404923153193939,0.28262451634325714,0.13285506769742747,2.6535350373814035,0.46634344666287975,0.3922796245959624,0.9846963012199619,m
0.23535932158716072,0.2866219042194738,0.15703133400590816,2.376821452234481,0.483605116425637,0.4081656832545571,0.970461462830435,m
0.21324279231617224,0.26782917901456693,0.15041020276005304,3.7833792060802147,0.434321536040588,0.3318024722125505,1.043302972301721,m
0.21846868450394968,0.2672079304590543,0.19111017832077648,3.165078819496694,0.5449160158339038,0.3409911605622131,1.018396316769985,m
0.2470253508294886,0.26514774234686955,0.15177689826010005,4.120887841078963,0.4486880489681383,0.3539422272064292,1.0484944447884705,m
0.22192918108152865,0.27446063800053017,0.16322623180671503,2.5856479209195196,0.44367809516960927,0.3510899734720385,1.0592111748343462,m
0.20029193165273262,0.25420461870212735,0.1261933919169839,5.489125717605939,0.39012975653098714,0.31967999448328416,0.8518752198931593,m
0.20356118034878237,0.2604554925566125,0.14795671599221552,6.6124943645311225,0.5142479555384573,0.31891901620341395,0.8631722107856379,m
0.22726497645576588,0.2409584166912848,0.14100362823359366,4.303855439681954,0.3953987420583383,0.3841795371666361,0.9287605670365884,m
0.20084488936092926,0.26121038111220785,0.1478935455464616,3.9646164540946103,0.41645533455399464,0.3650600446409919,0.9167110670680021,m
0.20980028750900495,0.26902277023382415,0.12523141571083943,5.34658370236226,0.39516207217404964,0.3393089933648175,0.8752800593901289,m
0.19720839437541207,0.28853359452082833,0.14515173902871548,2.600192913186487,0.4548265910186296,0.32276633987809883,0.8691294750994596,m
0.2323582524914377,0.25188676628263934,0.12330576720878321,4.0439164989341405,0.39742084062456207,0.3988542141895842,0.8905888540734626,m
0.19193590747632716,0.2801185619755299,0.14172519630927677,3.545937220209513,0.3999983518755926,0.36199004724152667,0.8720619495229709,m
0.21786766263489868,0.26078777135568026,0.1499862216865152,5.315703731240474,0.3930057778153477,0.3418479859435194,0.9835613199457296,m
0.20692702286872755,0.2687358242542647,0.18721282336786907,2.668834383092151,0.4811829107847784,0.35096654252308807,0.9246161815638351,m
0.224217877881706,0.26794921965236124,0.17813716829023782,4.903696293589084,0.3893083478193512,0.35130031394271893,0.9874683345621882,m
0.20484647030666575,0.284070303821725,0.1821490948857959,3.4265100604651098,0.4073373538171437,0.3572338109462436,1.0091168784913944,m
0.19106276241741987,0.27815911725255066,0.16003952118011242,3.1667454728944504,0.3879964069282092,0.35871042471257286,0.8650865519501201,m
0.2019127819770899,0.2814299106585275,0.17812459210678208,3.6821616426331008,0.4853438310264947,0.3262447537465775,0.8167696941760412,m
0.2384540735942736,0.2816499449339987,0.15910297959042743,3.998894338839509,0.43546211705726995,0.35152891562411004,0.8650963743133446,m
0.18445818952364562,0.3057236611895654,0.16897165991771335,2.777266443261021,0.3832152468183297,0.35052401110624404,0.8566068334278044,m
0.19966046687515474,0.23572545110301432,0.171905038917598,4.58152145467824,0.46353469069148384,0.317951609175056,1.0369061262707817,m
0.18867285598112035,0.23420803651698713,0.18073565363786548,3.284484227805745,0.5501236770908814,0.3351578229184436,0.9368755647163302,m
0.23431299576717762,0.2362805418580129,0.1652796559564217,3.7193447830459054,0.47495472722855986,0.33855891172607216,1.0714734534197772,m
0.19937176091978664,0.26716600585548855,0.19091199265857375,2.9703332720863473,0.47275082946182884,0.3582850573113878,1.0955197052406715,m
0.21342469628555694,0.25872378199226703,0.14440438129626354,4.202327192263942,0.37901764570980784,0.3354410855120159,0.9800125739462436,m
0.1934044068570464,0.2650037055348966,0.1488363604910904,3.0646709162832835,0.49829456843306064,0.3172193449420401,0.940198793278962,m
0.23771637887127,0.24013761392910712,0.14025487750248947,4.733606700502751,0.38919810841268393,0.3704438426758247,0.9877665095042096,m
0.20853661360633188,0.2779654659360425,0.14172642820024361,3.0921657911225573,0.41249645688370357,0.3483718791579214,0.9507758893868489,m
0.21917032741887676,0.2558543841670611,0.1405282131230306,4.830756674861894,0.3967713264831742,0.32694721978756497,0.8881853952167659,m
0.2121721581397605,0.24961242411025875,0.15975672092185803,3.227267794170049,0.5178378264185438,0.3436534033306256,0.886116998546465,m
0.23941901009416847,0.24159951897117538,0.12136249392380373,3.9440615231063645,0.41918307835314994,0.34427360035974913,0.8770466071668839,m
0.22808704373641162,0.2613005258954631,0.15347777799208426,3.616244976080812,0.46076240276587294,0.34257961664514236,0.8878237175905026,m
0.2082062662943148,0.30249554135205564,0.1357835529723295,2.7158355313534064,0.49637620817525796,0.33455666802862655,0.9511651870918396,m
0.21194827705870203,0.30902503015515476,0.15740270866425438,2.452693722311859,0.5974133155968081,0.35997654792053857,0.957973843080524,m
0.22487921612988873,0.29216130115728484,0.12846332764056015,2.3607472829064764,0.450446766796648,0.36773818708435946,1.0035508032181673,m
0.2017185073143904,0.33691201922263714,0.14542777179846247,2.5926669965060865,0.4824636932309175,0.35984056124890923,0.9441176457069493,m
0.20794664984701217,0.26406326528673335,0.1380026455832533,4.1467926001122635,0.45102038224238933,0.4091804458938671,1.0434000549033,m
0.19491574938839962,0.2743534117534271,0.14781753357012115,3.023923023930761,0.5093745526562782,0.36141368518360956,1.0141928653299719,m
0.20934930838980045,0.26835636864142515,0.13548335593523095,3.7122148593465862,0.4301207279144085,0.3719623652699698,1.0603349019810377,m
0.20862910347663383,0.2881205482695759,0.1436434627148519,3.826639331048594,0.4683233628953731,0.3865784091816503,1.0449416673453822,m
0.20737754678629505,0.24648300868753936,0.1376207056636041,3.33064497712922,0.3894951230923356,0.3708682817113548,1.0104101073683192,m
0.20881354991671414,0.24975686953916248,0.14719082815541648,2.3284243619104688,0.4880478038683652,0.33360450802935904,0.9725446446057283,m
0.21413153284561065,0.2464664703266834,0.14838684449933343,3.0133324996899784,0.39306433054539786,0.3818541554547861,1.0597594072930476,m
0.22016596356311,0.2627712010604224,0.15491752298860453,2.6775145990015,0.3896787259347113,0.33129458941225864,1.0709200439822426,m
0.19431923529125344,0.26837218751938513,0.1546932981290664,5.18814299403171,0.40711986787985177,0.3451056541390905,0.8665531228742668,m
0.1975515662689278,0.2633341273414095,0.1605669877799395,2.926027897457983,0.49474012536808465,0.33262923404665107,0.8420956037127915,m
0.23098147225449794,0.2708553378984482,0.14107930941544,5.013324758611204,0.3872771059140378,0.3756702648047232,0.8591282527814579,m
0.20358015752632871,0.29878539786027664,0.1502494961839198,3.856151910958612,0.42703912511686953,0.3949254776784763,0.8411496914377234,m
0.22394745987332712,0.23563394410350372,0.1624457313406701,3.11523679694939,0.47215570003640706,0.3576193034222795,1.0258096577379712,m
0.2052690890607828,0.24664185588258183,0.1818834089554358,2.590735429062278,0.53290757283678,0.3403705957515149,0.9984744943767471,m
0.23311021149057562,0.23152408146198092,0.1753347958400506,2.767030761198615,0.46172281376676955,0.37483305073739215,1.0519791639405924,m
0.19945782745050208,0.2599356593924797,0.18379304939129912,2.52613024436581,0.4578964251625467,0.36669418180930385,1.0353805790282347,m
0.21500500036322237,0.22292577006761102,0.14868875475029722,2.927606925201018,0.44421179567758096,0.33970775449262824,1.0095840874383883,m
0.19748906240720318,0.22613079119330756,0.1588805097463481,2.693742204435408,0.5316146949002885,0.33497526890686335,1.0030002504195659,m
0.23317109352174792,0.2320024976906302,0.15641362092362368,2.7676838448385856,0.4580438918514849,0.35339332933737655,1.054734074650786,m
0.2147130661505717,0.22125715809155055,0.14611726607909012,2.717242709136582,0.4388066486036385,0.3493488922326336,0.9964741550999591,m
0.20662121576426093,0.25606118743753836,0.16740216435752664,4.03876217215132,0.47626823295705256,0.3237452072950669,0.8946124881983234,m
0.2064910088280945,0.2521667075059241,0.18846479784425166,3.2462993097355706,0.5054540644810438,0.3320628750389135,0.8636921441220957,m
0.21738901754987705,0.2512826767818297,0.14967551971093995,3.6880818009991305,0.48372207840542203,0.3802443621047773,0.8738285677601997,m
0.1999741851569088,0.27213604556979337,0.18838355732717643,3.5527044347313534,0.4839942353907615,0.33704217426166827,0.8956460741167602,m
0.2250640692292262,0.24931456339235344,0.15540220691695114,3.881017360321431,0.43673253819393726,0.3452777105625831,0.9897765617804926,m
0.21456497191264096,0.25015359999145553,0.16560377406329338,3.4010077108908403,0.541610588153248,0.34950560977540984,0.959942725129661,m
0.23915581888894918,0.24040516621715502,0.1569716432807393,6.081381312709468,0.49194666523167346,0.3590659634924463,1.0080339595853913,m
0.21948985240310354,0.25434223451454074,0.168872375846909,3.8338765586130514,0.4731764606475214,0.3551575775114668,1.0212642256444568,m
0.20178224951556606,0.26174122551248685,0.14473049794802753,3.6812175102505704,0.41111139387498796,0.3402146325157219,0.9699190842478979,m
0.20212905314528198,0.2643554825217677,0.17142687443365445,3.063044710020217,0.4812309739129992,0.3489019990083119,0.9764009769000899,m
0.21133262070792644,0.2702707819217896,0.1695926892225238,4.176305293331964,0.42283676294717654,0.3760504951814589,0.940157909593915,m
0.21071635278395967,0.27337698337364663,0.14731747550741325,2.915528787324576,0.4104015251271667,0.3688894157509058,0.9778618573764177,m
0.21216446415372017,0.24545291024796295,0.15137936997202758,5.129013116457064,0.44454101463542617,0.3223676253800961,0.8683057168416837,m
0.20712253342990344,0.2519548823622128,0.15812081542008136,2.722604955647888,0.4919607531977545,0.3024643868854553,0.886769668545153,m
0.21773324019477758,0.25442608061933775,0.14294100704340315,4.586943402956887,0.4501787254444073,0.3405476216415644,0.8693111781704993,m
0.19569081427799212,0.276946583198979,0.16127358569658756,3.642729517323387,0.45610439447553586,0.3557601279971191,0.8760542777522522,m
0.23193018879341748,0.24813418201420173,0.1919707838935338,5.076708776000899,0.4511108258798059,0.35599527225232286,1.0323562202638934,m
0.21580479109105305,0.24847123287660272,0.1839084087901996,4.577532531548223,0.5448333345473325,0.31981660866761186,0.9269241722556744,m
0.22609447860155757,0.2488679729185436,0.1985572255069315,5.3022518898243725,0.47967354672174933,0.3746961097866086,1.021553290805883,m
0.21414505786297258,0.2478699942959652,0.2335756845184001,4.364924867984902,0.48765956830697677,0.36389944667553026,1.0747450500876485,m
0.21414505786297258,0.2478699942959652,0.2335756845184001,4.364924867984902,0.48765956830697677,0.36389944667553026,1.0747450500876485,m
0.2531369256487863,0.22770224565587716,0.13879923014614456,3.5907378159449586,0.46310110327004317,0.35894777039433745,1.1227198641259608,m
0.20383982969463937,0.25571889091479366,0.14955708774415988,2.9438380757056897,0.46629270339148643,0.40004959664795103,1.1564557396331236,m
0.2240067136901853,0.2578577886743021,0.15747224106430852,4.941360092159336,0.4640523201703144,0.352176739251674,1.007650307310229,m
0.21210709526261615,0.26698750827722845,0.1651474253514031,2.6743229823481864,0.5035545993227659,0.3494907623150115,1.0250324196260503,m
0.2723318718008667,0.23537762296668938,0.1587697563024983,4.059580772900396,0.5139445698952173,0.37198337728463576,1.0517297113978097,m
0.22897543675138113,0.2829719329518147,0.1767985886806415,3.891638116770936,0.4887051559594567,0.3998439601246362,1.0666573747533248,m
0.1857032982361937,0.2762959648008579,0.14615522154548402,4.224872664222966,0.39786493568725395,0.3166850517886715,0.9166759919141451,m
0.1932465584434939,0.2920167096887593,0.15798794866773228,2.857569650725694,0.4742710700784534,0.37652651506396645,0.9099448245166672,m
0.22242190523596822,0.262254791431057,0.1389167050417878,4.184878657358113,0.4559906021925268,0.40851290815385466,0.9248029356133945,m
0.2002623314622852,0.26786251384426096,0.1582331844936189,7.000072194983268,0.45184668745749684,0.38463748798070607,0.910014979034328,m
0.21331271339484947,0.24796153876770274,0.1346454833431757,4.665323471322474,0.4227111258413648,0.3048601731949705,0.9015971026381683,m
0.2006063023867671,0.25118354448384383,0.14608210014709908,2.931164983835666,0.4229602557451161,0.3007445207050161,0.9144008896587471,m
0.2126207611447237,0.24425366593673356,0.14308278247682618,3.944040794734296,0.4431191187454249,0.2962474464129621,0.912222208247325,m
0.21386267909530746,0.2409272296540332,0.15537509904806918,3.20329823113182,0.4314716956099267,0.3287749618257562,0.9536048202827344,m
0.19088823270727073,0.2519745192758554,0.14740314924225373,4.498068204258851,0.4691273660869943,0.3195691630653112,0.925867136296857,m
0.18417164893726373,0.2595338879505543,0.14455385922482428,2.2650526238640025,0.469941244462395,0.3190734793398154,0.9276352629896355,m
0.20563409907973282,0.2586464390542159,0.17375302324775724,3.8516209677664484,0.4811768768973566,0.396880005130267,0.9821182537094226,m
0.1796346352051404,0.2673990355635267,0.14588906005044924,4.305237703256437,0.4667254833384976,0.36448104989702435,0.9536594182665895,m
0.19437065240524032,0.22075748478256593,0.15951384162098692,4.602909245867076,0.42230259273482296,0.3493734042940823,0.8841956651090316,m
0.19999518746554454,0.21065037806828926,0.18655680395051594,3.435883151457243,0.4703444540061541,0.3253011723695488,0.8920340418650687,m
0.22495384769109952,0.20139734409881632,0.15756724651186352,4.784125373402326,0.4350449299287387,0.3744210739797286,0.9390134568268474,m
0.21032610564578627,0.2284238913425661,0.17428407226833345,2.4098579129288713,0.3500505546453754,0.3596736060965529,0.9213911255418467,m
0.19825581381650226,0.28289457921861294,0.1763552023632588,3.821429839083878,0.4937348119301116,0.32840333690096657,0.9804684631312712,m
0.18754618730448724,0.2799424260988737,0.1989090877878878,3.745302161947084,0.483578445431724,0.32155272002253815,0.9700529708309685,m
0.209650666991028,0.2487005859566493,0.19606419565147798,3.6490454664218737,0.4940207770576377,0.3574065853425857,0.9710833447383229,m
0.19058944616502527,0.26758941179772144,0.15659141309720098,3.448889720642253,0.485428563945126,0.3709116671067545,1.0107693768529986,m
0.18852735222161543,0.2924251262778962,0.1540320970574604,5.291224429762601,0.5020300673696111,0.3402903510255448,0.9370854708060068,m
0.2002598605170542,0.3002568010051948,0.17611179344172442,4.1222263518509665,0.5506217907240414,0.3614595386816453,0.9407070254444504,m
0.19099797130417515,0.2762601092653917,0.14644080472826637,7.5307440104121275,0.5204105058641566,0.3866274997307611,0.9636147857609241,m
0.19104472063588326,0.30860623006917176,0.1770486726632098,5.277065958528467,0.4773290722154717,0.3706877528661967,0.9860548540026941,m
0.23191951345862347,0.2691766654010886,0.15825282941183197,3.310033553723947,0.4954476108593326,0.3772238223576351,1.0334556763980394,m
0.21053657984754673,0.2885419882761356,0.18261485803276997,3.1026442194140245,0.5958822375722848,0.37611504926738837,1.0006420623432042,m
0.25595532770034995,0.25201356561596033,0.17017806909063232,3.8689744594110147,0.5037044902675001,0.3992073782441516,0.9808217900457501,m
0.2355457312428975,0.2664005859736855,0.17414724324183775,2.5351292735281596,0.4867436896401003,0.3846938962545278,0.9826421534865502,m
0.1981878723975462,0.25276655166026885,0.12673822088492762,4.3511828023218735,0.353116518540212,0.3592841351513393,0.9655130748270824,m
0.20492676697368956,0.23271356285835892,0.1331455306701022,3.6906333076771807,0.4735235696911233,0.31790221855057266,0.8369765466921425,m
0.23803954663340127,0.23864072095467453,0.14773242879705928,7.257795111561957,0.4418419024609068,0.4081052254679839,0.9960709670030914,m
0.2128081798997256,0.2698707125170562,0.15056246405125462,10.204322426789805,0.4043149476168204,0.3931950700763056,0.916149889542308,m
0.19063606294732355,0.2517888648108907,0.16865093474554205,4.329349979182481,0.4791374687493761,0.3329639043316749,1.0000562520708995,m
0.17844618173826382,0.2564411841899186,0.16120047821139627,3.4701626326909336,0.5417414831156099,0.35876895080910587,0.9701064738073554,m
0.19633318961270171,0.26087046181519713,0.1685635088550627,5.977186444131768,0.527893312021105,0.38019588005901467,1.0051348145181949,m
0.16535099477328005,0.2961114951638351,0.16272647626001957,3.3107893355370357,0.4716007225814972,0.3710528606458809,1.0022358398392737,m
0.18196488630393423,0.29296436893283695,0.16740275133611554,4.446680916953883,0.4087831244770313,0.32493743969994693,0.8511907335153943,m
0.19582947697796074,0.2837731204540599,0.19899598023180107,3.1154570976453333,0.4564859759086865,0.33742972929014076,0.8850543065778884,m
0.21987909825676782,0.25996587622425793,0.15235286062909206,4.455302117042622,0.4423191448552331,0.3912700195642641,0.8341710201537365,m
0.17497741010042972,0.2976058196500308,0.17879343457918198,3.555531816803226,0.4366262045243076,0.36812542699730216,0.840840407382652,m
0.211201433992409,0.2499433459881779,0.1505932484848587,3.0933839861896275,0.3930798241163638,0.35022732827794684,1.0609451738529465,m
0.1897830895740809,0.2631834125860952,0.19295249394625838,2.3567449223824903,0.479672494374972,0.33217267744798157,1.0242033465180274,m
0.24340743324042247,0.236790626472138,0.15425400933896136,4.110381022692386,0.3922263901886159,0.36786367881749193,1.0130226082028624,m
0.1825146550870644,0.2862435420125482,0.1803200563831162,2.8977543016140936,0.3842448124914857,0.3536380622229649,1.0635035895654843,m
0.20486910121040147,0.26888607721683067,0.1623687927696193,5.074911703655829,0.44174659449777864,0.3319145838029141,0.8814486862253149,m
0.19103383038952487,0.2955510032065377,0.16611255423824545,3.7095096323343695,0.4942900918084888,0.3452465709003989,0.9012780128469936,m
0.2314009994660382,0.25095825154762263,0.1563798428477646,4.282237373348499,0.48545055305392293,0.3814477349878616,0.9196936856528837,m
0.1956042981619873,0.28775671341935527,0.1605242152442569,4.109747172083715,0.4684232501670773,0.36602512997347897,0.8961147789954261,m
0.20917602489671602,0.25765827035509625,0.17218352643191107,4.9283082315385425,0.4316485578439292,0.34394139206291685,1.0769284712035734,m
0.21744183243885126,0.2848525165771825,0.18386561650754493,3.196729029699253,0.5173580335472078,0.32828142188939274,0.9611239105398618,m
0.2645030475791218,0.22668886439879202,0.16180858628111564,4.085942531823491,0.4607032051478727,0.3592180918118791,1.0334577203228275,m
0.20943022528692287,0.27520223056042936,0.17917325572434525,3.2000624988884185,0.43860070430010833,0.3720882399095738,1.058950519482093,m
0.19037367833726485,0.29412910746037013,0.13768609986490685,5.174451392622888,0.4250912554377949,0.2962891075812346,0.9591895379648158,m
0.21012419105875996,0.28478989047886527,0.17250825759392238,3.3222356695107327,0.4862198728261937,0.2837399040208373,0.9326121958185362,m
0.24379151886007674,0.24899634411883942,0.1729916374689028,4.697312348141378,0.46764692946923025,0.35520357146630505,0.963712319230195,m
0.15800614374762723,0.3463885107180492,0.16738163666659645,3.5011810688587133,0.42701434435757807,0.36595206492179344,0.9786383622515527,m
0.22260436490549768,0.2596983373554618,0.16059237516955796,4.5414150196762915,0.46848228465334596,0.3443089745382366,1.0646648111151347,m
0.21140928105303244,0.2443499394003543,0.1589599893749337,3.180809054776599,0.5702579369653444,0.34110034824802643,1.0624029303919649,m
0.24588883339196943,0.2342307625947854,0.15116547743670394,2.865510794894417,0.454058823826694,0.3667517997120052,1.0488234580325917,m
0.20807853846710866,0.2639119415294253,0.16199561564757145,3.097757620083885,0.4587971543947726,0.3736896204404611,1.1102202017671166,m
0.22309616953544883,0.2936710776433111,0.17816506542815772,3.465819051960592,0.44838369258494304,0.3577163481373338,0.9902317065176808,m
0.22438757600594428,0.26027305930173145,0.17679696600245598,2.086475354055559,0.5065982562320163,0.3399360721500333,0.971208799295308,m
0.2315392793454854,0.28068815238532907,0.15712874160998716,3.764523226205403,0.4182320286490283,0.3458320994661306,0.9728373992417305,m
0.21742121276559356,0.3237259875062398,0.20446347800382514,2.9178087064624276,0.4575590480136161,0.3394317165833036,1.0861613272973305,m
0.2012006208620143,0.2643484780530673,0.17691378946503908,4.659917781883884,0.4476791047774183,0.3276219156637474,1.029212731760014,m
0.20279234680020924,0.2561516873633309,0.17124007023298804,2.9257793842444064,0.5182582741028751,0.32438157075912943,0.9861593062807449,m
0.2419206346687228,0.2479785867704651,0.19431300301456791,4.828011537677533,0.4466237111130574,0.36986248071635264,1.0201713751389108,m
0.21130897834345513,0.2645113063863362,0.18572910047079114,2.963132319331416,0.46123399826296535,0.37381753475145824,1.0652142585354898,m
0.22570161416924062,0.27569771690268036,0.19267320569166801,4.3562561330483,0.44519320005654883,0.36865852997537024,0.9429944636932931,m
0.22286943698389633,0.29273490567610605,0.19039217877641965,3.1103902514805193,0.6094477980863299,0.36514374019703655,1.0210983826740674,m
0.2620672627387338,0.25661499164103335,0.1924567064907236,5.03370693847423,0.4912191027359659,0.36266442311326086,1.0302229162788283,m
0.20540992609907166,0.30811689596505604,0.2070980447955329,3.9797758561830983,0.49370713359785906,0.37253627378341203,0.9961500340776168,m
0.18604422251322322,0.2559528900370046,0.1285778583101003,3.6602644820821792,0.38091781637309197,0.3353460881951791,0.9083596877550428,m
0.17781986129444075,0.25527834594225984,0.125426714814074,3.7957937954940055,0.44678953849781916,0.32790617530522237,0.8994241614125971,m
0.2197033787921614,0.21792059285555446,0.10447747069539161,3.1064287596913776,0.39162516651946694,0.3518328575825568,0.9500092461793339,m
0.19427310187327007,0.26009274308434754,0.1287472455180008,3.115988926320183,0.41649324499864276,0.35847837522457826,0.9447375695949466,m
0.1928757852079874,0.2754171443018379,0.14606681716892675,3.952246399566554,0.409251737717386,0.3318833252686788,0.9375515467277041,m
0.18254928961451444,0.2727528438931722,0.19097442784293514,3.3418311374566594,0.5029906928780495,0.3259441818182653,0.9094126738654195,m
0.2130321605533978,0.2568089474438943,0.16333925881953942,3.1964086149126354,0.4528562151810741,0.3659693785203527,0.9902070485075073,m
0.18745477802285943,0.28685393817665183,0.17167401854313452,3.4300137654208567,0.42918033728337507,0.3368496830397239,0.9828648849332313,m
0.22215306050143016,0.2511198471591999,0.16260337467119146,4.187584782358934,0.4375899120401445,0.34722737239628493,0.8988253235562286,m
0.20550872986286342,0.25585612256514717,0.1747339893242144,3.5841552988355536,0.5392364237568726,0.34675251636885324,0.8856679635619028,m
0.2369158781835373,0.2318800479039903,0.1551171700475243,3.364648788358632,0.429966747318449,0.3738144048186438,0.8998933822894729,m
0.20642160965616804,0.2671159134281473,0.18582190811313012,3.553038123243274,0.43567564062035646,0.37635263754294224,0.9337525118577567,m
0.20733649835026086,0.2809277774252677,0.15310014025192603,3.3135662162548845,0.45949166104727696,0.3569753869956371,1.0182515318131942,m
0.1897129045618446,0.27606639518522025,0.16933182970016528,2.971168841363649,0.5271819562639822,0.3475334649882413,0.9989493510715245,m
0.2305732920246292,0.25184943108161906,0.14621635878737638,3.443569961848512,0.4798454274136718,0.36822376491569425,1.0248666897804106,m
0.2071925297939025,0.289701819062879,0.17416558169499302,3.235754916131048,0.4906628542486006,0.3709053261572596,1.0463264389720321,m
0.1867618712337061,0.26000765690704075,0.17607031782078122,3.403776980928562,0.41039515418523675,0.3113351236797394,1.0223257588758892,m
0.19889400856130499,0.26230021407511567,0.17312916702918607,3.6164726341359636,0.516403741994426,0.2951706078379531,0.9931277373975987,m
0.20616340234449565,0.24765223282161591,0.180382154793574,3.0256004409649093,0.4263154069010499,0.3742291441040812,1.0705834974591075,m
0.18583337456143953,0.26679337401490966,0.18792693801055813,3.3525039350529924,0.47238166518951824,0.3237866708606533,1.0128427572825232,m
0.22486803842183792,0.26979431703584866,0.19485948076720835,6.096216496220567,0.5177718195724356,0.3538654348081822,0.9598452807470061,m
0.22360901726408078,0.2694049699871019,0.17771886423767755,2.991302886435253,0.5159402091247018,0.33495542796178235,1.0052306401087792,m
0.2561404141312803,0.2536623612765039,0.17650584124935492,5.426408315066516,0.5586301814594647,0.35662500508980527,0.9948345052594938,m
0.22937716257264296,0.2745318106153706,0.19360659149335668,4.505583578589996,0.4906091133244135,0.3695225374899564,0.975863548356659,m
0.18632294302014446,0.27392326721485233,0.15229310146288894,3.4408542467951335,0.39887500698034933,0.3334648047058025,0.9482872317661991,m
0.18533424874536972,0.28057535577050524,0.17702706965297124,3.4422908975909126,0.4172014211875204,0.3301299234945352,0.8995033109211956,m
0.23314068429647317,0.2451581510965906,0.13521804239738042,2.845945553152853,0.39954880650613256,0.3385812482630974,0.9617259547036289,m
0.2087920070397164,0.26100966494040173,0.16071106920946146,2.68255173598249,0.38960035543544913,0.3626261866684543,0.9208416228420461,m
0.1988484448706153,0.3253438148742371,0.14287499759828715,4.6464186670940695,0.4136418548206535,0.34182128268120765,0.9410839660727094,m
0.1943311108581367,0.2900846414551817,0.15385774753937384,3.1376262930937067,0.4644590616522489,0.33082732069523707,0.8940857848264845,m
0.26712407803151367,0.26333275586753274,0.14315828060770233,3.834782646234779,0.44064854861251207,0.39235866323975466,1.0112024387147311,m
0.23480670012288563,0.31050758056323663,0.14473599368787235,4.566581279993926,0.40851807215195707,0.3730718385039464,0.928303388688763,m
0.20618741183680026,0.2602343881969689,0.14342647792608196,3.835092889712279,0.47202265243242747,0.310174750056559,0.9001191501457294,m
0.19885367262439235,0.2720095008606415,0.1498098692793679,3.62806023725634,0.5550010844092158,0.33338812962067194,0.9161829143782425,m
0.26038289406248566,0.23125502166776005,0.14563000079171895,3.3933894559455964,0.4499433434630996,0.3388062635671069,0.9311699492490418,m
0.1970988156104846,0.2942847128162071,0.15971389198884245,3.300607132876878,0.4628680618035136,0.3473759848102864,0.9370075086566679,m
0.22249333154705894,0.2749143198327459,0.1621105101455083,4.060832405065133,0.47031067135313054,0.3290997953837804,0.9762366198751878,m
0.19435405773882564,0.2885293067929996,0.15275327553894266,2.4490626339699118,0.5188706804967713,0.341437179579413,0.9841461135258129,m
0.20638950844888473,0.27591681767980025,0.1522204330548183,2.901531125400448,0.45011063884625724,0.35586223114127186,0.9007142113689837,m
0.2007810577103361,0.26889115603397107,0.18956037780395674,3.197464818632384,0.5042534497419853,0.35498544458757564,0.9920679853775333,m
0.20231138307825436,0.25732362476302834,0.1416612764008288,4.447241738664007,0.4535609923242525,0.3101716052979511,0.8601045131254474,m
0.1851879104856795,0.2647019309942547,0.15443718714120386,5.034126991746565,0.5048727773978257,0.32854609009538854,0.8503957269534148,m
0.22966326137566515,0.23517354093256493,0.16985458779956952,3.911338611901885,0.4517313897090658,0.3500577361793637,1.0375732602506431,m
0.19939544288971028,0.2739930314429995,0.15873173144264358,4.014677521342923,0.5118994949960289,0.35743467503986887,0.9251545712287322,m
0.1888636698850391,0.28092570345279366,0.11902379797937032,3.9276768813707137,0.4095047740449182,0.3215779706992406,0.8670476648916704,m
0.19783271775381595,0.25992049642893333,0.14395066718872052,3.917933233021143,0.5335307951805089,0.32031701976536714,0.8557219588248116,m
0.22600781266219375,0.2534291883451019,0.15807607681113994,3.5821849343429637,0.4502458633709195,0.3231176211637492,0.9101880720167231,m
0.2206998385016403,0.27206773686850966,0.13882004560600292,3.825236679209214,0.4402561181770989,0.3552271626979272,0.8737776422708784,m
0.18355503237728701,0.26902069398692463,0.13561258772322612,7.936170317084765,0.4291436374795793,0.3084850854064095,0.8747175210996149,m
0.19858078354306344,0.25156720098196306,0.14702294040173686,3.9973320763304483,0.4737615265022155,0.32724057111565835,0.9136660502121869,m
0.21232296698230774,0.23282714042033234,0.12777398180264074,4.323877910084604,0.42857659818980093,0.3355180553457884,0.9299579622252966,m
0.19333824550218912,0.27231946378742033,0.15225040623459826,4.1382419844106755,0.42434534800114704,0.3567459723774681,0.9118381068267154,m
0.19314012407484066,0.2694732042203166,0.15369744663046347,4.194413747775438,0.43332418555722324,0.32628858575064423,0.981871829365845,m
0.21948123954807847,0.2538646741778161,0.16086435483346434,3.2024273709443567,0.4955648665463872,0.3289884254378764,0.9384854332143492,m
0.20846586117175167,0.25488292043977384,0.12477871464543994,5.094424123240301,0.3962303795359313,0.3326688150817375,0.986484211351682,m
0.204427464616667,0.27206107651093625,0.1670598476711117,4.093995562491368,0.46321725737902497,0.33191258587258227,1.030264483271112,m
0.1932851135236592,0.25446760290382114,0.15316781232214238,3.7759736580094927,0.3886968286003605,0.3480589748526415,0.9619418878818481,m
0.20461248254730102,0.250159811148152,0.16551065810551588,3.1741192078215255,0.5047770308264916,0.3835741590223687,0.92993801600183,m
0.21699309697163102,0.2497131731681447,0.14905676497903372,3.7883037606425036,0.4126070107066869,0.40011723557741646,0.8739910413830004,m
0.20531054254114198,0.26259685394446264,0.1720471992308555,3.3923760851288165,0.44800042133352064,0.39982334939628916,0.9899532177655407,m
0.20003281082895863,0.27153155622530356,0.1533717027793105,4.383942475265017,0.45507195047762894,0.29580912782700347,1.0003997884992921,m
0.20943324726020535,0.2701061387180203,0.150134121671877,2.827398885262504,0.531046298649702,0.338175476136936,1.001076793855295,m
0.2336572793253069,0.2598443772989242,0.17015908203866423,3.2634309678206623,0.5039525629505841,0.34531440155754534,1.064354087491062,m
0.203393862365894,0.288398940711404,0.17085949506828077,3.276849009910865,0.4916883088943735,0.3309496773525548,1.0178139803647144,m
0.18214014912010806,0.29085521250916335,0.15586629169413002,4.940948553625674,0.4511123174184619,0.3261489828624084,1.0011370681169478,m
0.2010744055936654,0.2707370103861988,0.1821527295758914,2.574079423869608,0.5413116791197171,0.33093026573821777,0.9587578731426493,m
0.21107794227803622,0.261023870695907,0.16631625804735747,4.290494257742844,0.5097432047398937,0.3574780304975398,0.9886765800066633,m
0.1787230575360819,0.29385591912494907,0.16792255101581643,2.80042455018045,0.4934711744698934,0.3774585994018511,1.0118472628879496,m
0.19078944522233485,0.30073506671855244,0.1442048103672687,3.3298258088438586,0.34676800558352266,0.33549152774062807,0.9727709176937921,m
0.22214422915826337,0.263557945441151,0.14979383904151214,3.7109108800498856,0.4733815517675696,0.34465847871140526,0.9152923514746465,m
0.24780682390975917,0.24272663332602334,0.14114635966164624,4.168191579981325,0.39047831933116894,0.3531808900267582,0.9730682574728823,m
0.22118627299841437,0.2584984342579559,0.15041491131595788,2.996313645376114,0.42861190626935675,0.36703943908163505,0.9623009482833231,m
0.18629627973941926,0.2877061892738598,0.1417144960181,3.597536683769498,0.40417780230703376,0.3427125041562195,1.0019116263097803,m
0.18246104947180064,0.28773017188303607,0.15482625671788158,2.888300275032253,0.5340190783552686,0.3392413104543228,0.9289766282594604,m
0.21016051773976135,0.27036279320181,0.147911306894147,3.609302086703751,0.41812547585036547,0.3561877973528533,1.003872670315875,m
0.18658488731006428,0.2859355923278486,0.16291709667445373,3.126507614099952,0.4112994573136772,0.34259660002139675,1.0157798675671434,m
0.19302281356086273,0.23974539596953753,0.12585300339757052,4.774678120832424,0.4264916289627733,0.3075502906921938,0.8863006552074083,m
0.19299814367146648,0.2631684381748254,0.15244954271088906,2.300248502728871,0.4858323341355342,0.33277721417505773,0.9217966232079369,m
0.2056601653024734,0.24220098777052537,0.1378863741459183,3.243846829817067,0.41907019762134884,0.35043219974958145,0.9241600462744046,m
0.1924365339826106,0.23971151886298292,0.13586497388564728,3.81429127434063,0.4533940979094424,0.3313218565892615,0.8949266085716058,m
0.20656200560602683,0.263392601372136,0.18575982227440477,6.811629036644553,0.5130295142560246,0.3010147250543279,0.9858688208376299,m
0.23601736581086252,0.23802514144124698,0.1987256377268218,4.00168372021349,0.6134944790991894,0.28881879050992953,0.9181979949990502,m
0.2183349030701301,0.2583926056282387,0.17063052068967333,4.264812779870188,0.5189623969330521,0.33049965218697647,0.9930271850151082,m
0.18740066646029488,0.2878131512342245,0.2354344266798707,3.5551684776223995,0.5268196977687949,0.33823840061120536,1.0032418218816503,m
0.2030287059600293,0.25791383324870937,0.18020340305551136,4.056283216001523,0.4115982589436901,0.35140015861446483,1.010943512609956,m
0.19653743547090874,0.25723087635604414,0.1731349410257055,2.7195603583031027,0.47941725677578934,0.3290387671047728,1.013770555553366,m
0.25494654422939345,0.22452575970637584,0.15594797362321583,4.709985066375966,0.4563657849364675,0.3327845309394255,1.0806645309150127,m
0.20546469414709428,0.22775766453800433,0.1948522753193089,3.6825106801132095,0.45480841133555566,0.3491971419271865,1.0404971870626654,m
0.22517728781426058,0.2430624405350572,0.15094182207338191,3.4292082422439707,0.43188374681854086,0.3909446354009619,0.8870657063421583,m
0.18849840978916899,0.26563304140465455,0.18869835329950305,2.605555352677067,0.4144037367344252,0.3606531417226536,0.9299809929679277,m
0.26623788124582626,0.25655573571776047,0.15361796802447242,3.109573547788673,0.4569261257105035,0.3629469370974279,1.0557225841927138,w
0.2633506512052726,0.23016175980631723,0.1619157907876844,3.019782847013392,0.5661451652906967,0.35808205198983795,0.9749680760385143,w
0.26956301561398943,0.23287212745457098,0.1580530146632595,2.828371683087936,0.4947288553541935,0.345001314742093,1.066541407529018,w
0.24396755946110868,0.2667942573240876,0.1593296685903762,2.8389129916497717,0.425127671710533,0.3860841088915017,1.0434680684856652,w
0.20697640027102893,0.27053672396621015,0.145683477196599,3.267069276839226,0.40236703130018725,0.335147695919938,0.9168864308412717,w
0.2124744545614097,0.27550092385857505,0.1644098803298173,2.416921243613519,0.5608905207084397,0.34218660306801413,0.9810572463360614,w
0.25171742926550394,0.23746953196338885,0.1552713057107283,3.6488038621138488,0.4087625596125175,0.3557359422989659,0.939259605976453,w
0.21447130357694408,0.29913741363912333,0.1545577460010842,3.324505787599542,0.43472709476667515,0.3308372424965678,0.9608224910903973,w
0.22177329904532603,0.28252673604333994,0.14561144983375174,3.506387833778099,0.43672743204599895,0.34937385755007033,0.915430822418286,w
0.2490028352312379,0.2641357814990939,0.16283251102156487,2.878348823045917,0.5135040207587377,0.3474214285349157,0.9214113706964656,w
0.23133875077056257,0.2647355696517923,0.1461158785367279,3.2259399796697448,0.41615209323297364,0.39045147445506745,0.8928548041209307,w
0.18626413750990897,0.3289690879395393,0.16684638076244296,2.646336274393643,0.3741686771260907,0.38520413039727563,0.9053526815374605,w
0.21266486070775276,0.2813717862923121,0.13487162082756218,4.149002111327947,0.42866909645347534,0.37296906201398583,0.9337359098566859,w
0.21041165930427597,0.25867892914944685,0.1646693953727469,2.9796016725641197,0.5359338162779953,0.3376239344369535,0.9308468684086205,w
0.2245943623278055,0.276358644117496,0.1229998767848834,3.4189829136986725,0.4522161912924648,0.35588316430505507,0.9433899472821664,w
0.17474971822073407,0.3277642031767106,0.13958886446099283,2.9980425627526626,0.4191746369233797,0.36599613077430104,0.9467806781415269,w
0.23295724360028594,0.25099189033236136,0.1362723343696476,4.164947368629109,0.4507576177224485,0.3581545315360916,0.9947924601517205,w
0.22897427653761693,0.2551389671021563,0.17292254157472317,2.5726732984162357,0.5485802543112505,0.3465999539672077,0.9756728166737717,w
0.2523118449897781,0.21733822418393142,0.14280564532249013,3.569337723127675,0.4679952455705728,0.3621725809763118,0.9736958748520482,w
0.20556283259122865,0.29646135968661036,0.14551898267844818,3.217431322054414,0.45534402885481906,0.3760040051214214,1.0333030419409401,w
0.24234536013460628,0.24286234199631154,0.13840962370397428,2.2146793864326138,0.4484991442737675,0.37383968288276104,1.017490807043607,w
0.2294653247748743,0.2591244658922641,0.14049383785107805,1.6045109214388042,0.4547142073604468,0.35177918691112375,0.9710789970448943,w
0.27668869439691174,0.24743944225137518,0.14530837130268193,1.7399954173211367,0.353727974754563,0.3680798761782151,0.9955557495719703,w
0.2264638177707884,0.27829204478683794,0.14157437336026255,1.5525399766236312,0.39146565634807196,0.38938865324097927,0.9795882544342528,w
0.2042080432433848,0.2572018040356551,0.16929257698961117,3.497560951428409,0.46707886066870713,0.3281749820366091,1.104092923542684,w
0.22748134522677627,0.25869990647659447,0.1963180679737523,3.0504881333545835,0.5959769179570699,0.3638122989964978,1.0213789104537419,w
0.22429725429303868,0.24913522974228208,0.1502748090779201,4.663606065023111,0.4780059336967929,0.35712803996436815,1.0754390838409882,w
0.2082371600186623,0.30797684713649165,0.19092992773851752,3.134020689256097,0.447539244155657,0.3665852471367877,1.0819367296555462,w
0.20506343112960934,0.2797208065624691,0.14469311187196446,2.9358362642389286,0.44635782868023804,0.33827990988680584,1.0186990169915604,w
0.22049563068334302,0.2739119112211395,0.17177935465470642,3.2755250944965764,0.508677836019796,0.359117207566629,0.9816271850525166,w
0.23194803284108706,0.27664321002611925,0.1416640377894789,3.446250130244099,0.475706326952168,0.35390672652410565,0.9936046337109965,w
0.18156858290927524,0.3205732243287563,0.1604425791656717,2.5673198781651747,0.42452534092866184,0.3601223135811744,1.0468628525047308,w
0.1978721832317854,0.25999330969574297,0.16386137596822525,3.939607872126906,0.45235352576437066,0.3186566839028717,0.9578853397549062,w
0.22124863126717073,0.2610634300363663,0.17860590690139705,2.729122252164299,0.5728212717944541,0.35698078893414525,0.9514383422208392,w
0.24279429417063855,0.24144669918079883,0.15943175747700816,5.009531660459626,0.4791221299955224,0.3045423237656836,0.9249091362910687,w
0.17817442138379047,0.28766992030871635,0.1727765859451153,3.1752476059169314,0.4673995013252885,0.33585382825642474,0.9810923030663281,w
0.23343147707838294,0.23544250536864997,0.1456443887244178,3.8896941477480658,0.5098756728976638,0.33468815905919647,0.974243275640565,w
0.1939718652949546,0.263451816546702,0.17592798078794522,3.029420657084592,0.554228217991893,0.31285684068371306,0.9523985185649326,w
0.19927980142875115,0.2446073118037089,0.1579912744353377,4.987355377505139,0.5441686569909523,0.31644588127003087,0.9421630644280855,w
0.18803864715515214,0.2671701735483492,0.1638514273177239,3.62437134680079,0.48751767232971754,0.34524779974304015,0.9877025188966204,w
0.20297494994551965,0.2528384565417013,0.13657087845007437,3.63049328332115,0.45372300000151594,0.33274212178627355,0.8972041152409983,w
0.19616190142233247,0.27199965075708077,0.15226616847569696,2.145605067262586,0.5429779304609047,0.30893231160813284,0.9703309523550866,w
0.20919887981037424,0.2571789641900916,0.14165192520942502,4.503754028363637,0.4424529928142751,0.332913396308033,0.9733416610926021,w
0.17003689631852573,0.2833963079166358,0.1402647436294241,3.0998809921053647,0.4210180457663238,0.34951484478285116,0.9255737717343817,w
0.2262622696924323,0.2211088754632368,0.1271377019222581,3.7876205043405298,0.43198208128159654,0.3183959456087635,0.8883465683801969,w
0.2134002293972019,0.24257872985586834,0.14549128070041994,2.7917879065377673,0.4668786355052549,0.30813378450430035,0.9167950098695353,w
0.23275729245790858,0.22162607185896593,0.1438774275835071,3.0632447150297457,0.43885929790044753,0.34139878132624735,0.9153586415244126,w
0.18742443998159905,0.277569237147024,0.1545882443374409,2.811663911847243,0.4204572576280884,0.3683786857041452,0.9086919327189985,w
0.2224355873764148,0.24807962814192447,0.14945066604594062,3.286213758465194,0.4579585698873283,0.30176479028127856,0.997679261905367,w
0.2098321637405431,0.2654746771197843,0.14304405607794846,2.9243374662589394,0.5210862186539531,0.309138337681129,0.9408661616566907,w
0.22703362186729473,0.24490528371701598,0.14923772227081916,3.4923356819756766,0.4581922673970071,0.31077078277116454,0.9884534699507727,w
0.19266826856009345,0.2990492657050563,0.17850189830935922,3.505131454233527,0.4766253315435051,0.36530792181364424,1.0184689785648373,w
0.21689446440281948,0.278280431747336,0.14032333699890465,3.0482267395618936,0.4645286198745228,0.36861448712646316,0.9256191600069562,w
0.20556283053729113,0.28765775074952726,0.15754866477899745,2.377660339546182,0.5147280906472359,0.3234299164393093,0.914625463533539,w
0.223489739848728,0.26895110274628814,0.15319658687733603,2.2568222638592195,0.41915495804138764,0.3417160837634643,1.029477077337848,w
0.17405826263219054,0.2991473878636791,0.1439694956595185,2.1125034422748614,0.4277133317805002,0.36482608419456863,0.9507140266695615,w
0.2094087634142665,0.2845645641276928,0.12275701814497304,2.8722240822290153,0.4131133925422635,0.3328240203028885,0.96143370508425,w
0.20052573075610208,0.2854980788266546,0.15108194117479268,2.6129465970400876,0.4962648502560717,0.3348884954464608,0.8947143862402183,w
0.22379156189755714,0.2821951560217575,0.12256084469664126,2.4442938027982364,0.39194172371000724,0.34937109105924297,0.9674155643971878,w
0.17644916165268926,0.31363027262925564,0.13268127513605946,2.467346123551529,0.39826001718140186,0.3836489782690045,0.9836359056488585,w
0.23209432098668853,0.23864076549272087,0.16102564908367195,3.756261110042098,0.4528577115116334,0.3612998205269609,0.9455198857715066,w
0.22057559124423734,0.24246745990406032,0.15888203499217662,3.400517555624459,0.5169664320889795,0.33485392972810973,0.882586035656052,w
0.24404530505588165,0.22622478077950786,0.1696327071140557,3.0635689322666937,0.4218698388278898,0.3784375016634113,0.945269608336991,w
0.21509697781087458,0.25184211905028187,0.20446045256532772,3.2187982707233935,0.431249402979453,0.3668254429205987,0.9866511619301088,w
0.23273377105800558,0.2448895969173676,0.1475400479665089,3.781520439618219,0.520798563073776,0.35427933675420187,0.9481866360736126,w
0.2212690423731118,0.24366902407331073,0.14403911459102386,3.2436509832129765,0.5672295460717581,0.333816061882358,0.9062618207188888,w
0.21768123823948776,0.24557211131312134,0.14231547215646748,3.258920567313086,0.5170233092950826,0.3596345781339963,0.9330322220760597,w
0.1994783277042819,0.27590791956002275,0.1620132514134037,2.777919931030517,0.49007222542010476,0.3612102881491359,0.9520817534310961,w
0.22083836495996223,0.24049383617535658,0.1397899742595794,3.815367673214378,0.4217410386497696,0.32885818628505614,0.918823792095184,w
0.21316247460684043,0.23239761541729737,0.14384061311117596,3.5010271017501333,0.48166917442089213,0.3064094703419747,0.8656101280596598,w
0.23889366902588266,0.23189207605743642,0.13939220888598972,3.5834822596530125,0.4022238893556183,0.32955837610095845,0.9156382113980492,w
0.1783252452625379,0.2738337625676488,0.13626296141403735,3.287237149967086,0.4320207964347067,0.31542471470867545,0.9521352871935975,w
0.2347962103849545,0.22544268071153853,0.1446179041061665,2.6700372332695523,0.4855664819851734,0.3639485557337741,0.9828709850566627,w
0.21224318080297483,0.23252637103167334,0.14457599796426038,3.2327442249990352,0.505953254508553,0.3582747596889662,0.9310889172653563,w
0.23434442921334767,0.23279901264381553,0.15542729418104795,1.9796302917830526,0.47255551235504295,0.3652610543728107,1.0046980369373746,w
0.1910371899671513,0.2532293878305924,0.1637459636906622,2.356988622556851,0.47605552622996034,0.360277953648637,1.0022555003861418,w
0.23155346767294788,0.24004972057650398,0.14807765107481657,3.322510308317643,0.4441896080058582,0.31188410553808266,0.999235791068759,w
0.19949104976480586,0.25742940148837734,0.15604882186168104,2.8255298061938285,0.5405456114803605,0.34414251323606426,0.9683988887511735,w
0.26321766366097676,0.21506100826555197,0.14555536277149828,3.5155081751376014,0.4898905049668017,0.3621925428677505,0.9882597269383372,w
0.20010381270420294,0.2719244186694487,0.15871986857284903,1.9046004204531242,0.40640283282549305,0.3485066549714062,1.0157076890450647,w
0.21836072409991847,0.25145431911233224,0.13146349437459307,2.980437026619493,0.3850026183675963,0.3258876122683775,0.9266864189408409,w
0.19085484882316248,0.26958979442241293,0.15722943929124789,3.077681521323338,0.48394608955122076,0.33465993997202936,0.8699508532143327,w
0.24324934999841602,0.2151038306127151,0.1331586622669808,2.655116745653655,0.38495498999166855,0.3307729171596566,0.9319316980586283,w
0.20377180580364845,0.2628263793715083,0.1442347101246343,2.338403111922981,0.3722870731113742,0.3688337440745683,0.9136161650411492,w
0.18977195147951376,0.29071904352552264,0.14413067332765414,3.496507315151695,0.43931558054230935,0.32652880622570357,0.9765478047823766,w
0.21462118253523324,0.29191372922603664,0.16222145088196985,2.9411062463105835,0.49856402353699597,0.32415737019035656,0.9438675879661794,w
0.2194760129464498,0.279079690155887,0.16091172783740343,3.607412609807548,0.5000211287641314,0.337797789352618,1.0261884364973766,w
0.18991731017754923,0.30391350762586267,0.1469219723367852,2.4136772533809423,0.4360388131302002,0.35061951075736075,0.9546215972891383,w
0.21859238822896723,0.25399981960822743,0.13652772397361704,3.508772603370833,0.4264374371678237,0.3027515294539908,0.8938819224122051,w
0.2023087793615663,0.246767511746414,0.15118778136577343,2.8344717149905803,0.5029683616595655,0.29318208822903347,0.889444193801954,w
0.22691197685681502,0.2413620332609314,0.13643706442643272,3.2526131512895007,0.4068377426727107,0.32702930805643393,0.9217431523998253,w
0.19062616460628515,0.27248582323934395,0.16569287219201514,2.8486274766315587,0.4088081601776033,0.29515196561505125,0.9055246132871111,w
0.21889039846879238,0.27200613205059115,0.1474282829315131,2.868623810004533,0.4357496928127692,0.3150243069939734,1.020990987100862,w
0.1924018826115313,0.28476136994848256,0.15183642065582997,3.1735240720998554,0.4685011977217501,0.3306601239671605,0.9084017759351397,w
0.2396588554204328,0.2345645895147734,0.13931365135171092,3.035624104884007,0.460790271184685,0.3824179050065574,1.0165967108412872,w
0.20682795923222838,0.2915153455916254,0.1584169671211992,2.900000983033303,0.41829467599737813,0.3449727271392304,1.0245106942310072,w
0.23224258419030097,0.2602649739559841,0.15461720411621066,3.5607348247806363,0.4462732572525868,0.315690742604768,0.9768437133895634,w
0.21995291750801432,0.27249609960746596,0.16160171709766083,2.809330232521178,0.5136851536893274,0.29972126688993983,0.8797598367411652,w
0.2259469225665456,0.2754080072806189,0.16895433784755465,3.2864142299396972,0.4629664186239255,0.32603799607858003,0.9483814148955809,w
0.2075672258081581,0.30485417955231875,0.18431323527786994,2.756532798402482,0.4561865163392318,0.3037616553275103,0.986103017083177,w
0.2028527457366164,0.25640931231190306,0.15275930958205358,3.7858958577591966,0.46984844911744417,0.35057826730487185,0.9483223474725231,w
0.21268818831195008,0.2568282037337306,0.1485076211220491,2.3845326745939737,0.46619942468762005,0.3308582048071646,0.9082491882801177,w
0.21424373787794052,0.24212692209013545,0.13966383830316925,3.1501987351089342,0.4548120911626003,0.3602588605206477,0.907318736824257,w
0.16329016673826335,0.30283141400169844,0.1542699878426399,2.5914716492177394,0.462691744676626,0.34721809124208475,0.9356712895486482,w
0.20348270890645356,0.24920114327273374,0.1514884194202573,3.805584170002743,0.49477848237657585,0.32946684605233,0.9695477245411491,w
0.21148749820822466,0.28472140245096744,0.17025009692924248,3.067395860144291,0.5576307131836956,0.2992427967759965,0.9338997996284267,w
0.22421600890844642,0.24185329601896377,0.1654078772858691,3.9691787213924625,0.44189740445110054,0.33316789293787025,1.0180747881395706,w
0.16275069424544017,0.30172799634585495,0.15455288326214953,3.342326678724422,0.45921045452862347,0.338621557925365,0.9446940316996651,w
0.2206693736110004,0.28377567849905977,0.19261965838256445,3.168510834651328,0.47449214212539514,0.37192618949617806,1.0880604482636929,w
0.19816619085416032,0.32511410819251035,0.1908360243758124,2.934157627656717,0.5828555520365807,0.3193168173983506,0.9996897807792855,w
0.2417672658289103,0.275303759374656,0.18525440882173344,2.5557071602451997,0.4780261548146479,0.39519096068932896,1.1310289289161057,w
0.17439049101093299,0.3446344082775386,0.18428414702708604,2.4869348155666717,0.48445952177848983,0.38790441303464257,1.0860076450550484,w
0.20718804809159166,0.302380488078714,0.16328275062470282,3.5572772406094098,0.48254625073749996,0.29523911575656353,1.0461877217889919,w
0.2034314598378166,0.2894297821866673,0.19761233258670066,3.045138718483154,0.5775959685581501,0.30254548111147,0.9710697549637187,w
0.23958488894718535,0.2923792557792951,0.20159109076037385,4.415433649890562,0.49886362143042184,0.32409119738996467,1.1202391219071604,w
0.2040122142720537,0.33998155099143423,0.20520169944377697,2.5356721427006987,0.4950013231807623,0.3682355323883959,1.1300171894146525,w
0.20843483696219128,0.2536801928524563,0.14621330541121813,6.080371210064736,0.4883684673919031,0.3543845874261859,0.8483864511567762,w
0.24167955504300237,0.24099957472838757,0.16320552743399877,3.24311607491826,0.497996445641667,0.33361802078964675,0.8835054932192732,w
0.2516481836051259,0.23438945053252397,0.151615915351779,4.596831639942616,0.4811159159036387,0.34410662967259864,0.9032868034086162,w
0.18682569357461798,0.31721130465266517,0.14899693530750158,3.560272714294757,0.45549443986399246,0.39134363808359907,0.8704592847867658,w
0.23503674696839172,0.2350683746014559,0.13341118542121114,3.8271172936033016,0.43433394425492433,0.3172640282998963,0.8772383175150016,w
0.23113570854552817,0.2245153601962586,0.16029933024990597,2.3374327798443852,0.45414386616787705,0.3070095053455007,0.9176390422795858,w
0.25664226720765015,0.22188340773201476,0.14167369561527612,3.6324615023021902,0.40849316370309824,0.3379800229622272,0.8685790242293836,w
0.2093675215640261,0.2720889854456045,0.1667675423655982,2.8831866217607853,0.4171695107666342,0.37762536039998795,0.8876546796916025,w
0.2289580687074167,0.28997300397964026,0.1533176233766922,3.9297914879136675,0.4557493257700978,0.3030434754893608,0.908382141291967,w
0.22283946566568064,0.2851283132174705,0.14634768549301494,3.4025009526741505,0.5344585018785197,0.3145178032193479,0.8941153069832882,w
0.2478490807684216,0.27780242524389864,0.14502985102542745,3.083873869851881,0.4445603004775485,0.34945695330833965,0.9136706407595371,w
0.19823684891475457,0.31778976939367143,0.14149927863744385,2.798964318668009,0.4622657165700356,0.39615301857703367,0.8945096810312937,w
0.23396648953043198,0.2246113578060257,0.1471168582676074,3.534253982963167,0.49622736286692337,0.37777830626198156,0.998038733721717,w
0.21350238429607704,0.2404376228413493,0.15330992582806027,2.2603810547614365,0.47466633525036916,0.35366207180651277,0.9644416381334472,w
0.24560341981241096,0.220851219460719,0.13106798537734585,2.9831195253922953,0.4668781968740475,0.34703759454491745,1.0001804007207755,w
0.19084534245565637,0.27824787808492923,0.16673652932148686,2.37299877536321,0.4448965443142858,0.39631513548760383,1.0256542044965966,w
0.22168614953651872,0.24416506641668517,0.17561152342698697,3.643488891625888,0.46464329698099693,0.3401695343190688,0.9423495060504758,w
0.2095965916332791,0.24131932375232593,0.15903342374966037,2.9234378140496453,0.5054969865089125,0.33545151292130965,0.8923148406543192,w
0.23414691365464535,0.22109381488476787,0.1547776419755874,3.4315889353729045,0.42459754958031853,0.3906173267429118,0.9851987350891335,w
0.189556610102242,0.2826996090082274,0.16181866191193137,2.8466177499100955,0.4337484718395523,0.3909293122627993,0.9895872856992577,w
0.21829408199283568,0.25802520465849943,0.15198190972324496,4.456663168476327,0.45752874476633565,0.33158097936153696,0.9724089289379005,w
0.19469432354102945,0.2788297997660112,0.1600589961653475,3.1802627084433093,0.4849429055805524,0.34141055866593734,0.9591928138339243,w
0.2541356002265582,0.24687726524476217,0.16092740964972296,3.6681569688321454,0.42030088080376393,0.3474129210331369,0.9826453606451145,w
0.1983774827926196,0.2818893386675089,0.18318205982210867,2.8585492877980547,0.41124504504945797,0.36599292512262,1.0463920355599239,w
0.2032242616994779,0.277771308245535,0.16179630735399006,3.2662783454108952,0.4404515010566271,0.3605130654996975,1.054185371150114,w
0.21100953002521422,0.2786314150488056,0.18323611034362025,3.0770916189780784,0.5421194552994034,0.34737681963020856,1.0032814136260155,w
0.2441837736072593,0.253276188308564,0.18165000784347893,3.0371699748346592,0.4902690546755546,0.3505713540359252,1.1263359661608676,w
0.19377041478192128,0.30446124497372284,0.1552146451301541,2.885088690793611,0.47427469681630824,0.370406814073688,1.0527894920492653,w
0.23422359714650637,0.26861551460647437,0.1485923188765723,4.174102566006153,0.5088039659075182,0.3351357617614473,0.9777820655637662,w
0.222840547386539,0.28469456893796913,0.15062009329844112,2.720129268506987,0.5263641790215072,0.3187512927552874,0.9849939910699514,w
0.2382996415062114,0.2682866397898187,0.13948849096978447,3.5401045994625138,0.5031687055797375,0.3164426344833315,0.9784539002994681,w
0.21859562215798167,0.30770877846292494,0.160602492466791,3.15253689342199,0.46362525846415636,0.34405023048787237,1.00292922538271,w
0.2081757344065303,0.24957733326021528,0.14526861897981613,3.242334427363895,0.4417380091704349,0.302606494371693,0.9601110061108356,w
0.24376503942952885,0.23707225939445375,0.15465515133521496,2.2216930317066548,0.46779437336789653,0.3023047450575199,0.9390710492537069,w
0.23254433249517129,0.2402957998903104,0.15131688107825642,2.952055804089269,0.42625161887013585,0.3433947267658065,0.9638442002818481,w
0.20036568516359776,0.30324822067074364,0.13344672324509538,2.6504196173574477,0.4372232026986229,0.3362771325479638,0.9702455153035506,w
0.2204171960357552,0.2723586713012898,0.13919206806855614,4.167459970994302,0.4819449807319322,0.326933534690991,0.9360631817769371,w
0.2263127039971067,0.2556973591349294,0.15743504596178545,3.2254154962031305,0.5453841711821432,0.3037710760321187,0.8723079014552036,w
0.22656858455702786,0.2500082846634834,0.13701628387073056,3.920968056768117,0.5075495743186914,0.3348963094824787,0.9393682307981185,w
0.18702665254860087,0.2900491765400019,0.15497418438528296,3.751849636494853,0.4934297657070823,0.3554115999100608,0.9455057093976296,w
0.22465038019902178,0.2560735537910425,0.1425324176445201,3.4509914152306855,0.47731186359178585,0.3342978912832287,0.8541485839226246,w
0.2254758373838581,0.24370424518071931,0.17629237962451658,2.9833752167415812,0.5117744570559382,0.35979613626484547,0.8470057881628605,w
0.24362044100224578,0.23056183691834717,0.1477883928841035,3.0117061408002948,0.45298951045433894,0.3400435590142057,0.8817524841459659,w
0.21032921954030567,0.2740331733219229,0.17934194396268832,2.703277197711791,0.4482992687137647,0.40182490883416133,0.8617434543855246,w
0.21382929489338362,0.2649348492736756,0.16183264265576466,3.837424569126937,0.434402597200084,0.3800157342010106,0.9486696725443635,w
0.20347231636507218,0.25910329059899734,0.1565764662068979,3.081116038357119,0.48496741527050186,0.37335194236926045,0.8785684897575426,w
0.21953332202862771,0.24361077013114174,0.15270272222635098,3.334103581049375,0.44916171328999605,0.370086432844274,0.9456384581582528,w
0.19273699521197504,0.2917855953423997,0.17562782685786776,2.838308261709427,0.47363564907986366,0.3903542281892963,0.980554505913743,w
0.21515861947511705,0.26420189111457054,0.14689886686964443,4.197910900251778,0.48289800146736545,0.31276635262875135,0.932333911251593,w
0.21700522061710278,0.2635225448482939,0.1517255908667638,3.3516434997876954,0.5230342215089454,0.30660085140860793,0.8676666084916086,w
0.22339728186092167,0.2544810532399469,0.13045452827519458,4.015011843610913,0.418270063599425,0.3064349021173237,0.9565098492504137,w
0.19012974796542959,0.3166299541232719,0.15977699506207158,2.8845903610730446,0.47478489880689057,0.33328432275459485,0.9448706828536408,w
0.2101056804857746,0.2534305705585228,0.1498795964643237,3.8781395122109843,0.40582757947459275,0.3036371116229385,0.9541205508572563,w
0.21171130068143323,0.2717875932319858,0.15087299231469437,2.58926475312604,0.4555927755921459,0.30767144691212933,0.9246453786179153,w
0.24733821605165818,0.2409834642033222,0.15810246985626603,3.78368907343704,0.4687652441973456,0.3059252181295796,0.9660997166569253,w
0.20621749102517015,0.2972071923858086,0.1391671215208845,3.270915448735326,0.4259581358299999,0.3566289937269266,0.9731184794836089,w
0.2167836448821735,0.2825805426238537,0.14233557233883234,3.567560186354779,0.4715470296096069,0.35365698594234135,0.9453371039864213,w
0.21299374769954108,0.29487325949226983,0.134821452636744,3.0376010498631683,0.5564312263107778,0.3319319789516287,0.8797912794507446,w
0.2535855352132091,0.2644557019641278,0.13536143391200434,2.597495947551929,0.4220252410975393,0.33175768185658305,0.9531884778372108,w
0.1848690805433812,0.3129795071817591,0.14836187034253234,2.431773976360283,0.4533890622021581,0.37561476342980415,0.9562507859157681,w
0.2042254583380027,0.24990389809414262,0.1561361662843211,5.688378459722298,0.4927744098768133,0.3409618536323815,0.9052666802382575,w
0.1975531620533952,0.24745282117530346,0.14960892799671396,4.366274522952657,0.5722379635480661,0.3090565806525564,0.8451655889840797,w
0.22579014053935495,0.2354756231190309,0.20040532769144975,5.684229584095488,0.5774612930732782,0.36366955033909387,0.9935384893028543,w
0.1721370594099395,0.3016131896934807,0.1969897929369629,4.124844920424481,0.5353130200921878,0.3966090461851372,0.9477305260940214,w
0.23366335803595384,0.2543987601604196,0.13345911317152973,3.1242499874202982,0.44604936015319213,0.31755712844780587,0.9364055716582653,w
0.19022475469202624,0.28991555615398723,0.13939817030962318,2.333873759286378,0.36586098797628097,0.32643734317952183,0.9183305272166977,w
0.25611034807249433,0.227411500673032,0.15692593010094438,2.9238555097504846,0.47311684355375094,0.35128829767822234,0.9270445398372902,w
0.1804508123999958,0.2975850985671515,0.15884576970496728,2.4140496926942943,0.4248807247243025,0.3711690186060836,0.9235487256551761,w
0.259448992606301,0.2821542690572619,0.15643546193567975,3.0874846164328407,0.44833817799277825,0.3584573119764375,0.9489090394457433,w
0.2016657773708213,0.2982968155047997,0.1367714619293332,3.0611243156562415,0.4908427647069859,0.400914711536367,0.945324596482914,w
0.21213692573166495,0.26927980209889746,0.14735619936889324,2.975269729345763,0.42933391647091673,0.3725595813189289,0.9623834982976913,w
0.19681611223955525,0.33110344920161944,0.15517285686155022,2.619402441778168,0.4629723176115223,0.3481937332705091,0.9449750190470528,w
0.2748787765502862,0.1936994766434932,0.18362472500524693,3.675054118398661,0.4989906454801122,0.3411064706433103,0.951266856330158,w
0.20360020651351307,0.28193657981684034,0.16019495666951541,2.6736143931361713,0.447798344949141,0.36789780019083396,0.9326542883598267,w
0.20878504264892953,0.2387866538460603,0.13001932058032553,5.172368567718769,0.42719561858167904,0.291775854085427,0.9272551457874029,w
0.18192938228423441,0.25383780458294153,0.14963336750141187,4.604400015050262,0.4676304915865365,0.30354522686056545,0.9612501749499751,w
0.2514451580417663,0.2409889289157359,0.1485207830240996,5.025634173131627,0.439386271588694,0.36745322508198885,0.9300920497978158,w
0.22898817141152586,0.2654694659973841,0.13455656767182242,3.122590151843881,0.43482592870433834,0.37748582201857794,0.9042428549661811,w
0.21491625709412285,0.25493056095447675,0.12770531204399738,3.5679339280316773,0.44717796691467887,0.33441031319734893,0.8287293009870274,w
0.18123790779105636,0.2874548751214197,0.1489082026087415,5.653015611253902,0.4864613095680025,0.3553298758262343,0.8162241163351254,w
0.24005722550859812,0.2504157129938952,0.15171345314831133,3.1716544404158182,0.4489248657141722,0.361640500916244,0.9381081967798001,w
0.1963842677202093,0.2852140901578026,0.1513651064324252,2.2186257007320016,0.4422180292282204,0.368941577668281,0.91955177669635,w
0.23959577921949665,0.26691877921077906,0.14427520632172097,3.0629101350900974,0.46362024603557134,0.3635582618612748,0.9715763635379973,w
0.1963266754968402,0.3187044499960901,0.1610028208068181,2.719044197643596,0.4491334621147897,0.40137367200906177,0.9843068610510757,w
0.24024038707431644,0.23710251399547597,0.1433444838426718,3.000486072580299,0.436970849145187,0.36086682306740164,0.9559696049579415,w
0.1755292141183019,0.2799407757171217,0.15342491731426558,3.367244373218887,0.4742193660928669,0.3477288954578232,0.9841002691843304,w
0.22568744886657052,0.2739464404630227,0.13690761898189643,3.868546551811216,0.4551583568890944,0.3655597774108375,0.9559592395747885,w
0.18319587260979975,0.3186294801729139,0.17416287020206178,2.9434959822996802,0.45614411330472804,0.3858094306453973,0.9885525595735531,w
0.23500277259575947,0.23950254840688284,0.17825613122751252,4.395175321737998,0.44776711256692897,0.37222960695299223,0.9178169496382108,w
0.18876195486471864,0.32526098818796906,0.15723144148270682,3.0583408418859985,0.39093770079657103,0.4065107758057205,0.87256558844569,w
0.2251559934990174,0.2348839044757828,0.17955511829799578,3.7167309330658775,0.4915429181088999,0.3260777846763898,1.0330990185433484,w
0.19142748607054838,0.2840762829179832,0.17561287917093793,3.3369261793534797,0.4688020970081173,0.338131394247354,0.9752645539003645,w
